GeoName,Year,gdp
Alabama,2017,216616
Alabama,2017,100
Alabama,2017,216616
Alabama,2017,116587
Alabama,2017,87147
Alabama,2017,12881
Alabama,2017,13458
Alabama,2017,-577
Alabama,2018,220809
Alabama,2018,102
Alabama,2018,226264
Alabama,2018,121558
Alabama,2018,91127
Alabama,2018,13579
Alabama,2018,14063
Alabama,2018,-484
Alabama,2019,224945
Alabama,2019,104
Alabama,2019,234526
Alabama,2019,126965
Alabama,2019,93616
Alabama,2019,13946
Alabama,2019,14562
Alabama,2019,-616
Alabama,2020,222081
Alabama,2020,103
Alabama,2020,235118
Alabama,2020,129834
Alabama,2020,97400
Alabama,2020,7885
Alabama,2020,15348
Alabama,2020,-7463
Alabama,2021,231893
Alabama,2021,107
Alabama,2021,257987
Alabama,2021,139054
Alabama,2021,107928
Alabama,2021,11005
Alabama,2021,16426
Alabama,2021,-5422
Alaska,2017,53551
Alaska,2017,100
Alaska,2017,53551
Alaska,2017,27154
Alaska,2017,22748
Alaska,2017,3649
Alaska,2017,3754
Alaska,2017,-105
Alaska,2018,52480
Alaska,2018,98
Alaska,2018,54762
Alaska,2018,28290
Alaska,2018,22229
Alaska,2018,4243
Alaska,2018,4352
Alaska,2018,-109
Alaska,2019,52325
Alaska,2019,98
Alaska,2019,54470
Alaska,2019,29024
Alaska,2019,21289
Alaska,2019,4158
Alaska,2019,4266
Alaska,2019,-108
Alaska,2020,50345
Alaska,2020,94
Alaska,2020,51262
Alaska,2020,28358
Alaska,2020,20762
Alaska,2020,2141
Alaska,2020,3819
Alaska,2020,-1677
Alaska,2021,51022
Alaska,2021,95
Alaska,2021,58646
Alaska,2021,29277
Alaska,2021,26347
Alaska,2021,3023
Alaska,2021,4191
Alaska,2021,-1169
Arizona,2017,333099
Arizona,2017,100
Arizona,2017,333099
Arizona,2017,181242
Arizona,2017,130082
Arizona,2017,21775
Arizona,2017,22512
Arizona,2017,-737
Arizona,2018,346398
Arizona,2018,104
Arizona,2018,353671
Arizona,2018,193323
Arizona,2018,137161
Arizona,2018,23186
Arizona,2018,23976
Arizona,2018,-790
Arizona,2019,359646
Arizona,2019,108
Arizona,2019,375545
Arizona,2019,204537
Arizona,2019,147056
Arizona,2019,23951
Arizona,2019,24779
Arizona,2019,-828
Arizona,2020,362604
Arizona,2020,109
Arizona,2020,386444
Arizona,2020,214322
Arizona,2020,160923
Arizona,2020,11199
Arizona,2020,24782
Arizona,2020,-13583
Arizona,2021,390805
Arizona,2021,117
Arizona,2021,432280
Arizona,2021,233548
Arizona,2021,179854
Arizona,2021,18878
Arizona,2021,27512
Arizona,2021,-8634
Arkansas,2017,123883
Arkansas,2017,100
Arkansas,2017,123883
Arkansas,2017,68590
Arkansas,2017,46430
Arkansas,2017,8863
Arkansas,2017,9688
Arkansas,2017,-825
Arkansas,2018,126371
Arkansas,2018,102
Arkansas,2018,129214
Arkansas,2018,70974
Arkansas,2018,48983
Arkansas,2018,9257
Arkansas,2018,10084
Arkansas,2018,-828
Arkansas,2019,127216
Arkansas,2019,103
Arkansas,2019,132637
Arkansas,2019,73920
Arkansas,2019,49781
Arkansas,2019,8936
Arkansas,2019,10144
Arkansas,2019,-1208
Arkansas,2020,128061
Arkansas,2020,103
Arkansas,2020,135885
Arkansas,2020,75945
Arkansas,2020,53982
Arkansas,2020,5957
Arkansas,2020,10514
Arkansas,2020,-4557
Arkansas,2021,135569
Arkansas,2021,109
Arkansas,2021,151932
Arkansas,2021,81664
Arkansas,2021,62001
Arkansas,2021,8268
Arkansas,2021,11711
Arkansas,2021,-3444
California,2017,2740550
California,2017,100
California,2017,2740550
California,2017,1460858
California,2017,1113553
California,2017,166139
California,2017,173542
California,2017,-7402
California,2018,2850970
California,2018,104
California,2018,2899531
California,2018,1540875
California,2018,1176919
California,2018,181737
California,2018,189440
California,2018,-7703
California,2019,2962792
California,2019,108
California,2019,3062159
California,2019,1624291
California,2019,1232347
California,2019,205521
California,2019,213596
California,2019,-8075
California,2020,2925147
California,2020,107
California,2020,3068809
California,2020,1675326
California,2020,1251175
California,2020,142308
California,2020,206828
California,2020,-64520
California,2021,3146185
California,2021,115
California,2021,3416939
California,2021,1849531
California,2021,1394699
California,2021,172709
California,2021,229724
California,2021,-57015
Colorado,2017,350209
Colorado,2017,100
Colorado,2017,350209
Colorado,2017,193227
Colorado,2017,135696
Colorado,2017,21286
Colorado,2017,22423
Colorado,2017,-1137
Colorado,2018,365205
Colorado,2018,104
Colorado,2018,373923
Colorado,2018,205553
Colorado,2018,145507
Colorado,2018,22863
Colorado,2018,23975
Colorado,2018,-1112
Colorado,2019,383596
Colorado,2019,110
Colorado,2019,397702
Colorado,2019,219299
Colorado,2019,153922
Colorado,2019,24481
Colorado,2019,25713
Colorado,2019,-1232
Colorado,2020,380922
Colorado,2020,109
Colorado,2020,397612
Colorado,2020,224468
Colorado,2020,162129
Colorado,2020,11015
Colorado,2020,25721
Colorado,2020,-14706
Colorado,2021,406962
Colorado,2021,116
Colorado,2021,447052
Colorado,2021,244737
Colorado,2021,183148
Colorado,2021,19167
Colorado,2021,28184
Colorado,2021,-9017
Connecticut,2017,273875
Connecticut,2017,100
Connecticut,2017,273875
Connecticut,2017,140537
Connecticut,2017,114928
Connecticut,2017,18410
Connecticut,2017,18962
Connecticut,2017,-552
Connecticut,2018,274583
Connecticut,2018,100
Connecticut,2018,280535
Connecticut,2018,143442
Connecticut,2018,117126
Connecticut,2018,19967
Connecticut,2018,20541
Connecticut,2018,-573
Connecticut,2019,274219
Connecticut,2019,100
Connecticut,2019,285466
Connecticut,2019,146514
Connecticut,2019,118805
Connecticut,2019,20147
Connecticut,2019,20728
Connecticut,2019,-581
Connecticut,2020,258625
Connecticut,2020,94
Connecticut,2020,275802
Connecticut,2020,146289
Connecticut,2020,117606
Connecticut,2020,11907
Connecticut,2020,20593
Connecticut,2020,-8687
Connecticut,2021,268847
Connecticut,2021,98
Connecticut,2021,295908
Connecticut,2021,154723
Connecticut,2021,125628
Connecticut,2021,15557
Connecticut,2021,21325
Connecticut,2021,-5769
Delaware,2017,69556
Delaware,2017,100
Delaware,2017,69556
Delaware,2017,31982
Delaware,2017,33717
Delaware,2017,3857
Delaware,2017,4046
Delaware,2017,-189
Delaware,2018,70856
Delaware,2018,102
Delaware,2018,73376
Delaware,2018,33270
Delaware,2018,35945
Delaware,2018,4161
Delaware,2018,4347
Delaware,2018,-186
Delaware,2019,74597
Delaware,2019,107
Delaware,2019,78686
Delaware,2019,34727
Delaware,2019,39590
Delaware,2019,4368
Delaware,2019,4571
Delaware,2019,-203
Delaware,2020,72550
Delaware,2020,104
Delaware,2020,77615
Delaware,2020,34940
Delaware,2020,39818
Delaware,2020,2857
Delaware,2020,4611
Delaware,2020,-1754
Delaware,2021,74437
Delaware,2021,107
Delaware,2021,82953
Delaware,2021,37125
Delaware,2021,42339
Delaware,2021,3489
Delaware,2021,4853
Delaware,2021,-1364
District of Columbia,2017,134299
District of Columbia,2017,100
District of Columbia,2017,134299
District of Columbia,2017,91578
District of Columbia,2017,38297
District of Columbia,2017,4425
District of Columbia,2017,5216
District of Columbia,2017,-791
District of Columbia,2018,138057
District of Columbia,2018,103
District of Columbia,2018,141240
District of Columbia,2018,96390
District of Columbia,2018,40172
District of Columbia,2018,4678
District of Columbia,2018,5540
District of Columbia,2018,-862
District of Columbia,2019,138867
District of Columbia,2019,103
District of Columbia,2019,145171
District of Columbia,2019,98970
District of Columbia,2019,41454
District of Columbia,2019,4747
District of Columbia,2019,5659
District of Columbia,2019,-912
District of Columbia,2020,137762
District of Columbia,2020,103
District of Columbia,2020,146935
District of Columbia,2020,100960
District of Columbia,2020,44148
District of Columbia,2020,1828
District of Columbia,2020,5268
District of Columbia,2020,-3441
District of Columbia,2021,142676
District of Columbia,2021,106
District of Columbia,2021,156140
District of Columbia,2021,105658
District of Columbia,2021,47517
District of Columbia,2021,2966
District of Columbia,2021,5674
District of Columbia,2021,-2709
Far West,2017,3797441
Far West,2017,100
Far West,2017,3797441
Far West,2017,2013797
Far West,2017,1539393
Far West,2017,244251
Far West,2017,254539
Far West,2017,-10287
Far West,2018,3956948
Far West,2018,104
Far West,2018,4026579
Far West,2018,2131811
Far West,2018,1627746
Far West,2018,267022
Far West,2018,277719
Far West,2018,-10697
Far West,2019,4108526
Far West,2019,108
Far West,2019,4252235
Far West,2019,2248811
Far West,2019,1707063
Far West,2019,296362
Far West,2019,307615
Far West,2019,-11254
Far West,2020,4048650
Far West,2020,107
Far West,2020,4254017
Far West,2020,2311188
Far West,2020,1745916
Far West,2020,196914
Far West,2020,297507
Far West,2020,-100593
Far West,2021,4342903
Far West,2021,114
Far West,2021,4732879
Far West,2021,2545037
Far West,2021,1941350
Far West,2021,246491
Far West,2021,331048
Far West,2021,-84557
Florida,2017,1014867
Florida,2017,100
Florida,2017,1014867
Florida,2017,542129
Florida,2017,390863
Florida,2017,81875
Florida,2017,84352
Florida,2017,-2477
Florida,2018,1050434
Florida,2018,104
Florida,2018,1072086
Florida,2018,574611
Florida,2018,410138
Florida,2018,87336
Florida,2018,89924
Florida,2018,-2587
Florida,2019,1079271
Florida,2019,106
Florida,2019,1127989
Florida,2019,606509
Florida,2019,429978
Florida,2019,91503
Florida,2019,94287
Florida,2019,-2784
Florida,2020,1068378
Florida,2020,105
Florida,2020,1140133
Florida,2020,617831
Florida,2020,469546
Florida,2020,52756
Florida,2020,93460
Florida,2020,-40705
Florida,2021,1164778
Florida,2021,115
Florida,2021,1292391
Florida,2021,692319
Florida,2021,525717
Florida,2021,74356
Florida,2021,107673
Florida,2021,-33317
Georgia,2017,583543
Georgia,2017,100
Georgia,2017,583543
Georgia,2017,301510
Georgia,2017,250876
Georgia,2017,31158
Georgia,2017,32559
Georgia,2017,-1402
Georgia,2018,600935
Georgia,2018,103
Georgia,2018,612803
Georgia,2018,315575
Georgia,2018,262493
Georgia,2018,34736
Georgia,2018,36095
Georgia,2018,-1359
Georgia,2019,620792
Georgia,2019,106
Georgia,2019,646939
Georgia,2019,329934
Georgia,2019,280672
Georgia,2019,36333
Georgia,2019,38069
Georgia,2019,-1736
Georgia,2020,602322
Georgia,2020,103
Georgia,2020,637931
Georgia,2020,334619
Georgia,2020,284813
Georgia,2020,18499
Georgia,2020,37761
Georgia,2020,-19263
Georgia,2021,639236
Georgia,2021,110
Georgia,2021,701606
Georgia,2021,366404
Georgia,2021,311338
Georgia,2021,23864
Georgia,2021,43019
Georgia,2021,-19154
Great Lakes,2017,2669538
Great Lakes,2017,100
Great Lakes,2017,2669538
Great Lakes,2017,1453616
Great Lakes,2017,1040749
Great Lakes,2017,175173
Great Lakes,2017,182766
Great Lakes,2017,-7593
Great Lakes,2018,2722152
Great Lakes,2018,102
Great Lakes,2018,2781326
Great Lakes,2018,1514699
Great Lakes,2018,1083783
Great Lakes,2018,182845
Great Lakes,2018,191293
Great Lakes,2018,-8448
Great Lakes,2019,2754724
Great Lakes,2019,103
Great Lakes,2019,2868748
Great Lakes,2019,1558946
Great Lakes,2019,1124530
Great Lakes,2019,185272
Great Lakes,2019,195406
Great Lakes,2019,-10134
Great Lakes,2020,2649400
Great Lakes,2020,99
Great Lakes,2020,2804785
Great Lakes,2020,1556182
Great Lakes,2020,1139605
Great Lakes,2020,108998
Great Lakes,2020,195467
Great Lakes,2020,-86470
Great Lakes,2021,2788919
Great Lakes,2021,104
Great Lakes,2021,3072106
Great Lakes,2021,1663819
Great Lakes,2021,1257276
Great Lakes,2021,151011
Great Lakes,2021,215523
Great Lakes,2021,-64512
Hawaii,2017,87436
Hawaii,2017,100
Hawaii,2017,87436
Hawaii,2017,47715
Hawaii,2017,31790
Hawaii,2017,7932
Hawaii,2017,8170
Hawaii,2017,-238
Hawaii,2018,88836
Hawaii,2018,102
Hawaii,2018,90934
Hawaii,2018,49071
Hawaii,2018,33135
Hawaii,2018,8728
Hawaii,2018,8973
Hawaii,2018,-245
Hawaii,2019,88945
Hawaii,2019,102
Hawaii,2019,93356
Hawaii,2019,50412
Hawaii,2019,33885
Hawaii,2019,9059
Hawaii,2019,9315
Hawaii,2019,-256
Hawaii,2020,79593
Hawaii,2020,91
Hawaii,2020,84615
Hawaii,2020,47892
Hawaii,2020,31951
Hawaii,2020,4772
Hawaii,2020,8281
Hawaii,2020,-3509
Hawaii,2021,84122
Hawaii,2021,96
Hawaii,2021,93090
Hawaii,2021,51392
Hawaii,2021,36625
Hawaii,2021,5073
Hawaii,2021,8319
Hawaii,2021,-3246
Idaho,2017,72935
Idaho,2017,100
Idaho,2017,72935
Idaho,2017,39471
Idaho,2017,28975
Idaho,2017,4489
Idaho,2017,4793
Idaho,2017,-304
Idaho,2018,77652
Idaho,2018,106
Idaho,2018,79072
Idaho,2018,42237
Idaho,2018,32193
Idaho,2018,4642
Idaho,2018,5112
Idaho,2018,-470
Idaho,2019,81261
Idaho,2019,111
Idaho,2019,84550
Idaho,2019,44626
Idaho,2019,34850
Idaho,2019,5074
Idaho,2019,5413
Idaho,2019,-340
Idaho,2020,82819
Idaho,2020,114
Idaho,2020,88188
Idaho,2020,47682
Idaho,2020,38776
Idaho,2020,1730
Idaho,2020,5766
Idaho,2020,-4036
Idaho,2021,87993
Idaho,2021,121
Idaho,2021,98793
Idaho,2021,53053
Idaho,2021,41329
Idaho,2021,4411
Idaho,2021,6438
Idaho,2021,-2026
Illinois,2017,832827
Illinois,2017,100
Illinois,2017,832827
Illinois,2017,453339
Illinois,2017,318234
Illinois,2017,61254
Illinois,2017,64249
Illinois,2017,-2996
Illinois,2018,851517
Illinois,2018,102
Illinois,2018,871024
Illinois,2018,472780
Illinois,2018,334382
Illinois,2018,63863
Illinois,2018,67304
Illinois,2018,-3442
Illinois,2019,857985
Illinois,2019,103
Illinois,2019,895800
Illinois,2019,485504
Illinois,2019,345490
Illinois,2019,64807
Illinois,2019,68906
Illinois,2019,-4100
Illinois,2020,810210
Illinois,2020,97
Illinois,2020,860748
Illinois,2020,483688
Illinois,2020,335941
Illinois,2020,41119
Illinois,2020,67432
Illinois,2020,-26313
Illinois,2021,852749
Illinois,2021,102
Illinois,2021,943993
Illinois,2021,517269
Illinois,2021,374469
Illinois,2021,52255
Illinois,2021,75311
Illinois,2021,-23056
Indiana,2017,357536
Indiana,2017,100
Indiana,2017,357536
Indiana,2017,184495
Indiana,2017,153591
Indiana,2017,19450
Indiana,2017,20493
Indiana,2017,-1043
Indiana,2018,368763
Indiana,2018,103
Indiana,2018,377377
Indiana,2018,193408
Indiana,2018,162943
Indiana,2018,21026
Indiana,2018,22228
Indiana,2018,-1202
Indiana,2019,371045
Indiana,2019,104
Indiana,2019,385446
Indiana,2019,198806
Indiana,2019,165600
Indiana,2019,21040
Indiana,2019,22613
Indiana,2019,-1573
Indiana,2020,359185
Indiana,2020,100
Indiana,2020,377901
Indiana,2020,200728
Indiana,2020,165798
Indiana,2020,11376
Indiana,2020,22907
Indiana,2020,-11532
Indiana,2021,384051
Indiana,2021,107
Indiana,2021,422952
Indiana,2021,216806
Indiana,2021,188549
Indiana,2021,17597
Indiana,2021,25168
Indiana,2021,-7571
Iowa,2017,187125
Iowa,2017,100
Iowa,2017,187125
Iowa,2017,92657
Iowa,2017,83740
Iowa,2017,10728
Iowa,2017,11936
Iowa,2017,-1207
Iowa,2018,189245
Iowa,2018,101
Iowa,2018,193155
Iowa,2018,96343
Iowa,2018,85976
Iowa,2018,10836
Iowa,2018,12468
Iowa,2018,-1632
Iowa,2019,188318
Iowa,2019,101
Iowa,2019,196085
Iowa,2019,98508
Iowa,2019,87251
Iowa,2019,10326
Iowa,2019,12837
Iowa,2019,-2511
Iowa,2020,187137
Iowa,2020,100
Iowa,2020,199447
Iowa,2020,100018
Iowa,2020,94906
Iowa,2020,4523
Iowa,2020,12870
Iowa,2020,-8347
Iowa,2021,198471
Iowa,2021,106
Iowa,2021,220818
Iowa,2021,105287
Iowa,2021,106794
Iowa,2021,8737
Iowa,2021,14219
Iowa,2021,-5482
Kansas,2017,166274
Kansas,2017,100
Kansas,2017,166274
Kansas,2017,85262
Kansas,2017,70500
Kansas,2017,10511
Kansas,2017,11647
Kansas,2017,-1136
Kansas,2018,169797
Kansas,2018,102
Kansas,2018,173373
Kansas,2018,88767
Kansas,2018,73827
Kansas,2018,10779
Kansas,2018,12079
Kansas,2018,-1300
Kansas,2019,170352
Kansas,2019,102
Kansas,2019,176918
Kansas,2019,92003
Kansas,2019,74786
Kansas,2019,10129
Kansas,2019,12095
Kansas,2019,-1966
Kansas,2020,168541
Kansas,2020,101
Kansas,2020,177721
Kansas,2020,93413
Kansas,2020,79664
Kansas,2020,4643
Kansas,2020,12359
Kansas,2020,-7716
Kansas,2021,172840
Kansas,2021,104
Kansas,2021,191832
Kansas,2021,97792
Kansas,2021,85694
Kansas,2021,8345
Kansas,2021,13276
Kansas,2021,-4931
Kentucky,2017,203564
Kentucky,2017,100
Kentucky,2017,203564
Kentucky,2017,112469
Kentucky,2017,76992
Kentucky,2017,14103
Kentucky,2017,14669
Kentucky,2017,-566
Kentucky,2018,205940
Kentucky,2018,101
Kentucky,2018,210509
Kentucky,2018,116565
Kentucky,2018,79205
Kentucky,2018,14739
Kentucky,2018,15290
Kentucky,2018,-552
Kentucky,2019,211740
Kentucky,2019,104
Kentucky,2019,220683
Kentucky,2019,121061
Kentucky,2019,84035
Kentucky,2019,15588
Kentucky,2019,16324
Kentucky,2019,-737
Kentucky,2020,206289
Kentucky,2020,101
Kentucky,2020,218755
Kentucky,2020,122195
Kentucky,2020,87615
Kentucky,2020,8945
Kentucky,2020,16288
Kentucky,2020,-7343
Kentucky,2021,214565
Kentucky,2021,105
Kentucky,2021,237926
Kentucky,2021,131024
Kentucky,2021,93924
Kentucky,2021,12978
Kentucky,2021,17658
Kentucky,2021,-4680
Louisiana,2017,239831
Louisiana,2017,100
Louisiana,2017,239831
Louisiana,2017,121139
Louisiana,2017,100810
Louisiana,2017,17882
Louisiana,2017,18571
Louisiana,2017,-689
Louisiana,2018,245220
Louisiana,2018,102
Louisiana,2018,256444
Louisiana,2018,126295
Louisiana,2018,112589
Louisiana,2018,17560
Louisiana,2018,18229
Louisiana,2018,-668
Louisiana,2019,246361
Louisiana,2019,103
Louisiana,2019,257097
Louisiana,2019,128841
Louisiana,2019,110766
Louisiana,2019,17490
Louisiana,2019,18282
Louisiana,2019,-792
Louisiana,2020,228825
Louisiana,2020,95
Louisiana,2020,236136
Louisiana,2020,125696
Louisiana,2020,104337
Louisiana,2020,6103
Louisiana,2020,17777
Louisiana,2020,-11675
Louisiana,2021,234014
Louisiana,2021,98
Louisiana,2021,263163
Louisiana,2021,131433
Louisiana,2021,120052
Louisiana,2021,11678
Louisiana,2021,20964
Louisiana,2021,-9286
Maine,2017,63001
Maine,2017,100
Maine,2017,63001
Maine,2017,35744
Maine,2017,21741
Maine,2017,5516
Maine,2017,5685
Maine,2017,-170
Maine,2018,64806
Maine,2018,103
Maine,2018,66216
Maine,2018,37361
Maine,2018,22977
Maine,2018,5878
Maine,2018,6051
Maine,2018,-173
Maine,2019,66351
Maine,2019,105
Maine,2019,69298
Maine,2019,39017
Maine,2019,23788
Maine,2019,6493
Maine,2019,6674
Maine,2019,-181
Maine,2020,67421
Maine,2020,107
Maine,2020,72092
Maine,2020,40351
Maine,2020,26922
Maine,2020,4818
Maine,2020,7021
Maine,2020,-2203
Maine,2021,70870
Maine,2021,112
Maine,2021,78918
Maine,2021,44037
Maine,2021,28974
Maine,2021,5908
Maine,2021,7438
Maine,2021,-1530
Maryland,2017,399715
Maryland,2017,100
Maryland,2017,399715
Maryland,2017,215578
Maryland,2017,160299
Maryland,2017,23837
Maryland,2017,24928
Maryland,2017,-1091
Maryland,2018,402481
Maryland,2018,101
Maryland,2018,410772
Maryland,2018,223170
Maryland,2018,162468
Maryland,2018,25134
Maryland,2018,26321
Maryland,2018,-1188
Maryland,2019,402346
Maryland,2019,101
Maryland,2019,419448
Maryland,2019,230296
Maryland,2019,163278
Maryland,2019,25874
Maryland,2019,27142
Maryland,2019,-1268
Maryland,2020,388532
Maryland,2020,97
Maryland,2020,413418
Maryland,2020,233520
Maryland,2020,165360
Maryland,2020,14538
Maryland,2020,26773
Maryland,2020,-12235
Maryland,2021,405905
Maryland,2021,102
Maryland,2021,446941
Maryland,2021,248268
Maryland,2021,177827
Maryland,2021,20846
Maryland,2021,29832
Maryland,2021,-8986
Massachusetts,2017,530129
Massachusetts,2017,100
Massachusetts,2017,530129
Massachusetts,2017,309143
Massachusetts,2017,194050
Massachusetts,2017,26936
Massachusetts,2017,28573
Massachusetts,2017,-1636
Massachusetts,2018,549262
Massachusetts,2018,104
Massachusetts,2018,559605
Massachusetts,2018,325726
Massachusetts,2018,205264
Massachusetts,2018,28615
Massachusetts,2018,30316
Massachusetts,2018,-1701
Massachusetts,2019,566706
Massachusetts,2019,107
Massachusetts,2019,588618
Massachusetts,2019,342168
Massachusetts,2019,217359
Massachusetts,2019,29091
Massachusetts,2019,30855
Massachusetts,2019,-1764
Massachusetts,2020,556196
Massachusetts,2020,105
Massachusetts,2020,589033
Massachusetts,2020,345257
Massachusetts,2020,226838
Massachusetts,2020,16938
Massachusetts,2020,31125
Massachusetts,2020,-14186
Massachusetts,2021,591912
Massachusetts,2021,112
Massachusetts,2021,645434
Massachusetts,2021,373049
Massachusetts,2021,248971
Massachusetts,2021,23414
Massachusetts,2021,33589
Massachusetts,2021,-10175
Michigan,2017,505102
Michigan,2017,100
Michigan,2017,505102
Michigan,2017,285743
Michigan,2017,188358
Michigan,2017,31001
Michigan,2017,32149
Michigan,2017,-1148
Michigan,2018,516843
Michigan,2018,102
Michigan,2018,525241
Michigan,2018,297155
Michigan,2018,194662
Michigan,2018,33424
Michigan,2018,34598
Michigan,2018,-1174
Michigan,2019,517845
Michigan,2019,103
Michigan,2019,536976
Michigan,2019,304486
Michigan,2019,198605
Michigan,2019,33885
Michigan,2019,35219
Michigan,2019,-1334
Michigan,2020,502484
Michigan,2020,99
Michigan,2020,530231
Michigan,2020,298476
Michigan,2020,213095
Michigan,2020,18660
Michigan,2020,34678
Michigan,2020,-16018
Michigan,2021,531500
Michigan,2021,105
Michigan,2021,576502
Michigan,2021,321167
Michigan,2021,228533
Michigan,2021,26802
Michigan,2021,38668
Michigan,2021,-11866
Mideast,2017,3572774
Mideast,2017,100
Mideast,2017,3572774
Mideast,2017,1903641
Mideast,2017,1422378
Mideast,2017,246756
Mideast,2017,258979
Mideast,2017,-12222
Mideast,2018,3647342
Mideast,2018,102
Mideast,2018,3736015
Mideast,2018,1989366
Mideast,2018,1485218
Mideast,2018,261431
Mideast,2018,274207
Mideast,2018,-12777
Mideast,2019,3715335
Mideast,2019,104
Mideast,2019,3881521
Mideast,2019,2069188
Mideast,2019,1540132
Mideast,2019,272201
Mideast,2019,285149
Mideast,2019,-12948
Mideast,2020,3582053
Mideast,2020,100
Mideast,2020,3812465
Mideast,2020,2066869
Mideast,2020,1571262
Mideast,2020,174334
Mideast,2020,283316
Mideast,2020,-108982
Mideast,2021,3741298
Mideast,2021,105
Mideast,2021,4133998
Mideast,2021,2213865
Mideast,2021,1697228
Mideast,2021,222906
Mideast,2021,301833
Mideast,2021,-78927
Minnesota,2017,354722
Minnesota,2017,100
Minnesota,2017,354722
Minnesota,2017,202013
Minnesota,2017,129703
Minnesota,2017,23006
Minnesota,2017,24482
Minnesota,2017,-1476
Minnesota,2018,364800
Minnesota,2018,103
Minnesota,2018,372439
Minnesota,2018,210877
Minnesota,2018,137869
Minnesota,2018,23693
Minnesota,2018,25516
Minnesota,2018,-1823
Minnesota,2019,368689
Minnesota,2019,104
Minnesota,2019,383962
Minnesota,2019,218260
Minnesota,2019,141678
Minnesota,2019,24023
Minnesota,2019,26338
Minnesota,2019,-2315
Minnesota,2020,358127
Minnesota,2020,101
Minnesota,2020,379439
Minnesota,2020,218930
Minnesota,2020,148007
Minnesota,2020,12501
Minnesota,2020,26413
Minnesota,2020,-13912
Minnesota,2021,374733
Minnesota,2021,106
Minnesota,2021,413063
Minnesota,2021,233891
Minnesota,2021,160797
Minnesota,2021,18376
Minnesota,2021,27244
Minnesota,2021,-8868
Mississippi,2017,110281
Mississippi,2017,100
Mississippi,2017,110281
Mississippi,2017,60352
Mississippi,2017,41182
Mississippi,2017,8747
Mississippi,2017,9284
Mississippi,2017,-536
Mississippi,2018,110175
Mississippi,2018,100
Mississippi,2018,113166
Mississippi,2018,62114
Mississippi,2018,42047
Mississippi,2018,9005
Mississippi,2018,9596
Mississippi,2018,-590
Mississippi,2019,110538
Mississippi,2019,100
Mississippi,2019,115442
Mississippi,2019,63993
Mississippi,2019,42394
Mississippi,2019,9055
Mississippi,2019,9882
Mississippi,2019,-827
Mississippi,2020,109894
Mississippi,2020,100
Mississippi,2020,116193
Mississippi,2020,65137
Mississippi,2020,45865
Mississippi,2020,5191
Mississippi,2020,10082
Mississippi,2020,-4891
Mississippi,2021,114199
Mississippi,2021,104
Mississippi,2021,128365
Mississippi,2021,69452
Mississippi,2021,52106
Mississippi,2021,6807
Mississippi,2021,11131
Mississippi,2021,-4325
Missouri,2017,311274
Missouri,2017,100
Missouri,2017,311274
Missouri,2017,176848
Missouri,2017,117364
Missouri,2017,17062
Missouri,2017,18234
Missouri,2017,-1172
Missouri,2018,314182
Missouri,2018,101
Missouri,2018,320452
Missouri,2018,184808
Missouri,2018,117747
Missouri,2018,17897
Missouri,2018,19228
Missouri,2018,-1330
Missouri,2019,320881
Missouri,2019,103
Missouri,2019,334365
Missouri,2019,192006
Missouri,2019,124294
Missouri,2019,18065
Missouri,2019,19933
Missouri,2019,-1869
Missouri,2020,315276
Missouri,2020,101
Missouri,2020,335278
Missouri,2020,194142
Missouri,2020,134475
Missouri,2020,6662
Missouri,2020,19375
Missouri,2020,-12713
Missouri,2021,330118
Missouri,2021,106
Missouri,2021,365145
Missouri,2021,205969
Missouri,2021,145753
Missouri,2021,13424
Missouri,2021,22001
Missouri,2021,-8578
Montana,2017,48471
Montana,2017,100
Montana,2017,48471
Montana,2017,26005
Montana,2017,19928
Montana,2017,2538
Montana,2017,3051
Montana,2017,-513
Montana,2018,49455
Montana,2018,102
Montana,2018,51152
Montana,2018,27104
Montana,2018,21194
Montana,2018,2854
Montana,2018,3356
Montana,2018,-502
Montana,2019,50319
Montana,2019,104
Montana,2019,52773
Montana,2019,28206
Montana,2019,21605
Montana,2019,2962
Montana,2019,3454
Montana,2019,-492
Montana,2020,50160
Montana,2020,103
Montana,2020,53131
Montana,2020,29352
Montana,2020,22908
Montana,2020,871
Montana,2020,3462
Montana,2020,-2591
Montana,2021,52952
Montana,2021,109
Montana,2021,59997
Montana,2021,32456
Montana,2021,25574
Montana,2021,1966
Montana,2021,3814
Montana,2021,-1848
Nebraska,2017,123220
Nebraska,2017,100
Nebraska,2017,123220
Nebraska,2017,60551
Nebraska,2017,55882
Nebraska,2017,6787
Nebraska,2017,7957
Nebraska,2017,-1170
Nebraska,2018,125543
Nebraska,2018,102
Nebraska,2018,127954
Nebraska,2018,63335
Nebraska,2018,57398
Nebraska,2018,7222
Nebraska,2018,8294
Nebraska,2018,-1072
Nebraska,2019,127482
Nebraska,2019,103
Nebraska,2019,132741
Nebraska,2019,65685
Nebraska,2019,60125
Nebraska,2019,6931
Nebraska,2019,8459
Nebraska,2019,-1527
Nebraska,2020,126891
Nebraska,2020,103
Nebraska,2020,135285
Nebraska,2020,67218
Nebraska,2020,64881
Nebraska,2020,3186
Nebraska,2020,8938
Nebraska,2020,-5752
Nebraska,2021,133496
Nebraska,2021,108
Nebraska,2021,149360
Nebraska,2021,71210
Nebraska,2021,72649
Nebraska,2021,5502
Nebraska,2021,9283
Nebraska,2021,-3781
Nevada,2017,163199
Nevada,2017,100
Nevada,2017,163199
Nevada,2017,84334
Nevada,2017,64342
Nevada,2017,14523
Nevada,2017,14848
Nevada,2017,-324
Nevada,2018,168639
Nevada,2018,103
Nevada,2018,172548
Nevada,2018,89409
Nevada,2018,66940
Nevada,2018,16199
Nevada,2018,16551
Nevada,2018,-352
Nevada,2019,175771
Nevada,2019,108
Nevada,2019,184344
Nevada,2019,94768
Nevada,2019,72981
Nevada,2019,16595
Nevada,2019,16982
Nevada,2019,-387
Nevada,2020,165794
Nevada,2020,102
Nevada,2020,175982
Nevada,2020,92563
Nevada,2020,73810
Nevada,2020,9609
Nevada,2020,16095
Nevada,2020,-6486
Nevada,2021,181103
Nevada,2021,111
Nevada,2021,200127
Nevada,2021,104460
Nevada,2021,84202
Nevada,2021,11465
Nevada,2021,17078
Nevada,2021,-5613
New England,2017,1039545
New England,2017,100
New England,2017,1039545
New England,2017,583164
New England,2017,391411
New England,2017,64971
New England,2017,67741
New England,2017,-2770
New England,2018,1062478
New England,2018,102
New England,2018,1083763
New England,2018,607703
New England,2018,406959
New England,2018,69102
New England,2018,71963
New England,2018,-2861
New England,2019,1084356
New England,2019,104
New England,2019,1128009
New England,2019,632336
New England,2019,425137
New England,2019,70536
New England,2019,73476
New England,2019,-2940
New England,2020,1055848
New England,2020,102
New England,2020,1122041
New England,2020,638261
New England,2020,440680
New England,2020,43101
New England,2020,73979
New England,2020,-30878
New England,2021,1116078
New England,2021,107
New England,2021,1224190
New England,2021,689298
New England,2021,478115
New England,2021,56777
New England,2021,78361
New England,2021,-21584
New Hampshire,2017,81180
New Hampshire,2017,100
New Hampshire,2017,81180
New Hampshire,2017,45378
New Hampshire,2017,29555
New Hampshire,2017,6246
New Hampshire,2017,6404
New Hampshire,2017,-158
New Hampshire,2018,82270
New Hampshire,2018,101
New Hampshire,2018,83859
New Hampshire,2018,47260
New Hampshire,2018,30106
New Hampshire,2018,6493
New Hampshire,2018,6647
New Hampshire,2018,-154
New Hampshire,2019,84031
New Hampshire,2019,104
New Hampshire,2019,87472
New Hampshire,2019,49177
New Hampshire,2019,32041
New Hampshire,2019,6254
New Hampshire,2019,6407
New Hampshire,2019,-153
New Hampshire,2020,83182
New Hampshire,2020,102
New Hampshire,2020,88589
New Hampshire,2020,50709
New Hampshire,2020,34381
New Hampshire,2020,3500
New Hampshire,2020,6404
New Hampshire,2020,-2904
New Hampshire,2021,89890
New Hampshire,2021,111
New Hampshire,2021,99100
New Hampshire,2021,57809
New Hampshire,2021,36726
New Hampshire,2021,4565
New Hampshire,2021,6507
New Hampshire,2021,-1942
New Jersey,2017,590087
New Jersey,2017,100
New Jersey,2017,590087
New Jersey,2017,323748
New Jersey,2017,214931
New Jersey,2017,51408
New Jersey,2017,53018
New Jersey,2017,-1610
New Jersey,2018,606892
New Jersey,2018,103
New Jersey,2018,619340
New Jersey,2018,336869
New Jersey,2018,227154
New Jersey,2018,55317
New Jersey,2018,56927
New Jersey,2018,-1610
New Jersey,2019,617111
New Jersey,2019,105
New Jersey,2019,641878
New Jersey,2019,350368
New Jersey,2019,231830
New Jersey,2019,59679
New Jersey,2019,61325
New Jersey,2019,-1645
New Jersey,2020,595973
New Jersey,2020,101
New Jersey,2020,630213
New Jersey,2020,352001
New Jersey,2020,239306
New Jersey,2020,38906
New Jersey,2020,61216
New Jersey,2020,-22309
New Jersey,2021,629011
New Jersey,2021,107
New Jersey,2021,692227
New Jersey,2021,378236
New Jersey,2021,262579
New Jersey,2021,51412
New Jersey,2021,66051
New Jersey,2021,-14639
New Mexico,2017,93210
New Mexico,2017,100
New Mexico,2017,93210
New Mexico,2017,48602
New Mexico,2017,37840
New Mexico,2017,6768
New Mexico,2017,7039
New Mexico,2017,-271
New Mexico,2018,96077
New Mexico,2018,103
New Mexico,2018,98838
New Mexico,2018,50920
New Mexico,2018,40158
New Mexico,2018,7760
New Mexico,2018,8048
New Mexico,2018,-288
New Mexico,2019,100446
New Mexico,2019,108
New Mexico,2019,103869
New Mexico,2019,53555
New Mexico,2019,41840
New Mexico,2019,8474
New Mexico,2019,8801
New Mexico,2019,-327
New Mexico,2020,97512
New Mexico,2020,105
New Mexico,2020,100435
New Mexico,2020,53451
New Mexico,2020,41439
New Mexico,2020,5545
New Mexico,2020,8424
New Mexico,2020,-2879
New Mexico,2021,99572
New Mexico,2021,107
New Mexico,2021,111731
New Mexico,2021,56576
New Mexico,2021,47578
New Mexico,2021,7577
New Mexico,2021,9664
New Mexico,2021,-2087
New York,2017,1624801
New York,2017,100
New York,2017,1624801
New York,2017,832971
New York,2017,676497
New York,2017,115333
New York,2017,121935
New York,2017,-6603
New York,2018,1665187
New York,2018,102
New York,2018,1710666
New York,2018,874937
New York,2018,714293
New York,2018,121436
New York,2018,128377
New York,2018,-6941
New York,2019,1709751
New York,2019,105
New York,2019,1793261
New York,2019,913620
New York,2019,754377
New York,2019,125265
New York,2019,132152
New York,2019,-6887
New York,2020,1650567
New York,2020,102
New York,2020,1766857
New York,2020,906600
New York,2020,775518
New York,2020,84740
New York,2020,131614
New York,2020,-46874
New York,2021,1724472
New York,2021,106
New York,2021,1911346
New York,2021,978303
New York,2021,831394
New York,2021,101649
New York,2021,138048
New York,2021,-36399
North Carolina,2017,546810
North Carolina,2017,100
North Carolina,2017,546810
North Carolina,2017,285070
North Carolina,2017,228179
North Carolina,2017,33561
North Carolina,2017,34834
North Carolina,2017,-1273
North Carolina,2018,556574
North Carolina,2018,102
North Carolina,2018,568037
North Carolina,2018,300705
North Carolina,2018,232433
North Carolina,2018,34899
North Carolina,2018,36122
North Carolina,2018,-1224
North Carolina,2019,568476
North Carolina,2019,104
North Carolina,2019,593127
North Carolina,2019,315959
North Carolina,2019,241543
North Carolina,2019,35625
North Carolina,2019,37179
North Carolina,2019,-1554
North Carolina,2020,564794
North Carolina,2020,103
North Carolina,2020,601149
North Carolina,2020,324795
North Carolina,2020,254096
North Carolina,2020,22258
North Carolina,2020,37268
North Carolina,2020,-15010
North Carolina,2021,597316
North Carolina,2021,109
North Carolina,2021,659529
North Carolina,2021,356072
North Carolina,2021,272623
North Carolina,2021,30834
North Carolina,2021,41396
North Carolina,2021,-10562
North Dakota,2017,56530
North Dakota,2017,100
North Dakota,2017,56530
North Dakota,2017,27562
North Dakota,2017,25400
North Dakota,2017,3569
North Dakota,2017,4788
North Dakota,2017,-1219
North Dakota,2018,58516
North Dakota,2018,104
North Dakota,2018,60377
North Dakota,2018,28796
North Dakota,2018,27819
North Dakota,2018,3762
North Dakota,2018,5091
North Dakota,2018,-1329
North Dakota,2019,59142
North Dakota,2019,105
North Dakota,2019,60516
North Dakota,2019,29942
North Dakota,2019,26976
North Dakota,2019,3598
North Dakota,2019,5251
North Dakota,2019,-1652
North Dakota,2020,55699
North Dakota,2020,99
North Dakota,2020,55348
North Dakota,2020,29000
North Dakota,2020,25153
North Dakota,2020,1195
North Dakota,2020,5246
North Dakota,2020,-4051
North Dakota,2021,55401
North Dakota,2021,98
North Dakota,2021,63209
North Dakota,2021,29895
North Dakota,2021,30781
North Dakota,2021,2532
North Dakota,2021,5830
North Dakota,2021,-3298
Ohio,2017,652188
Ohio,2017,100
Ohio,2017,652188
Ohio,2017,349026
Ohio,2017,260810
Ohio,2017,42352
Ohio,2017,43979
Ohio,2017,-1626
Ohio,2018,656212
Ohio,2018,101
Ohio,2018,672540
Ohio,2018,361406
Ohio,2018,268341
Ohio,2018,42794
Ohio,2018,44515
Ohio,2018,-1721
Ohio,2019,674123
Ohio,2019,103
Ohio,2019,703128
Ohio,2019,373981
Ohio,2019,285194
Ohio,2019,43954
Ohio,2019,45966
Ohio,2019,-2012
Ohio,2020,654586
Ohio,2020,100
Ohio,2020,692122
Ohio,2020,376177
Ohio,2020,289997
Ohio,2020,25948
Ohio,2020,47256
Ohio,2020,-21309
Ohio,2021,686206
Ohio,2021,105
Ohio,2021,759626
Ohio,2021,399471
Ohio,2021,323007
Ohio,2021,37149
Ohio,2021,52066
Ohio,2021,-14917
Oklahoma,2017,192539
Oklahoma,2017,100
Oklahoma,2017,192539
Oklahoma,2017,97105
Oklahoma,2017,83972
Oklahoma,2017,11462
Oklahoma,2017,12101
Oklahoma,2017,-640
Oklahoma,2018,196031
Oklahoma,2018,102
Oklahoma,2018,204194
Oklahoma,2018,102000
Oklahoma,2018,89844
Oklahoma,2018,12350
Oklahoma,2018,13046
Oklahoma,2018,-696
Oklahoma,2019,199462
Oklahoma,2019,104
Oklahoma,2019,205263
Oklahoma,2019,105832
Oklahoma,2019,86845
Oklahoma,2019,12586
Oklahoma,2019,13410
Oklahoma,2019,-824
Oklahoma,2020,190752
Oklahoma,2020,99
Oklahoma,2020,191654
Oklahoma,2020,104845
Oklahoma,2020,82547
Oklahoma,2020,4261
Oklahoma,2020,13157
Oklahoma,2020,-8895
Oklahoma,2021,193518
Oklahoma,2021,101
Oklahoma,2021,217731
Oklahoma,2021,109576
Oklahoma,2021,99224
Oklahoma,2021,8931
Oklahoma,2021,14710
Oklahoma,2021,-5779
Oregon,2017,225535
Oregon,2017,100
Oregon,2017,225535
Oregon,2017,125888
Oregon,2017,88608
Oregon,2017,11039
Oregon,2017,11721
Oregon,2017,-682
Oregon,2018,234308
Oregon,2018,104
Oregon,2018,238467
Oregon,2018,133510
Oregon,2018,93160
Oregon,2018,11797
Oregon,2018,12500
Oregon,2018,-703
Oregon,2019,239911
Oregon,2019,106
Oregon,2019,248940
Oregon,2019,140657
Oregon,2019,95332
Oregon,2019,12951
Oregon,2019,13732
Oregon,2019,-781
Oregon,2020,237670
Oregon,2020,105
Oregon,2020,251856
Oregon,2020,144396
Oregon,2020,102127
Oregon,2020,5333
Oregon,2020,13797
Oregon,2020,-8464
Oregon,2021,250099
Oregon,2021,111
Oregon,2021,275444
Oregon,2021,157356
Oregon,2021,107474
Oregon,2021,10614
Oregon,2021,16223
Oregon,2021,-5609
Pennsylvania,2017,754318
Pennsylvania,2017,100
Pennsylvania,2017,754318
Pennsylvania,2017,407784
Pennsylvania,2017,298637
Pennsylvania,2017,47897
Pennsylvania,2017,49835
Pennsylvania,2017,-1938
Pennsylvania,2018,763855
Pennsylvania,2018,101
Pennsylvania,2018,780621
Pennsylvania,2018,424731
Pennsylvania,2018,305186
Pennsylvania,2018,50705
Pennsylvania,2018,52695
Pennsylvania,2018,-1990
Pennsylvania,2019,772530
Pennsylvania,2019,102
Pennsylvania,2019,803078
Pennsylvania,2019,441208
Pennsylvania,2019,309603
Pennsylvania,2019,52267
Pennsylvania,2019,54300
Pennsylvania,2019,-2033
Pennsylvania,2020,736471
Pennsylvania,2020,98
Pennsylvania,2020,777427
Pennsylvania,2020,438848
Pennsylvania,2020,307114
Pennsylvania,2020,31466
Pennsylvania,2020,53835
Pennsylvania,2020,-22370
Pennsylvania,2021,764602
Pennsylvania,2021,101
Pennsylvania,2021,844392
Pennsylvania,2021,466276
Pennsylvania,2021,335572
Pennsylvania,2021,42544
Pennsylvania,2021,57376
Pennsylvania,2021,-14832
Plains,2017,1250759
Plains,2017,100
Plains,2017,1250759
Plains,2017,668567
Plains,2017,507599
Plains,2017,74593
Plains,2017,83031
Plains,2017,-8438
Plains,2018,1274026
Plains,2018,102
Plains,2018,1301100
Plains,2018,697651
Plains,2018,526411
Plains,2018,77038
Plains,2018,86748
Plains,2018,-9709
Plains,2019,1287231
Plains,2019,103
Plains,2019,1339594
Plains,2019,722357
Plains,2019,541492
Plains,2019,75744
Plains,2019,89004
Plains,2019,-13260
Plains,2020,1264481
Plains,2020,101
Plains,2020,1338680
Plains,2020,729747
Plains,2020,575884
Plains,2020,33050
Plains,2020,89317
Plains,2020,-56268
Plains,2021,1320363
Plains,2021,106
Plains,2021,1466035
Plains,2021,772894
Plains,2021,634396
Plains,2021,58745
Plains,2021,96481
Plains,2021,-37736
Rhode Island,2017,58772
Rhode Island,2017,100
Rhode Island,2017,58772
Rhode Island,2017,33688
Rhode Island,2017,20371
Rhode Island,2017,4713
Rhode Island,2017,4881
Rhode Island,2017,-168
Rhode Island,2018,58740
Rhode Island,2018,100
Rhode Island,2018,60065
Rhode Island,2018,34630
Rhode Island,2018,20550
Rhode Island,2018,4886
Rhode Island,2018,5053
Rhode Island,2018,-168
Rhode Island,2019,59867
Rhode Island,2019,102
Rhode Island,2019,62527
Rhode Island,2019,35625
Rhode Island,2019,21769
Rhode Island,2019,5133
Rhode Island,2019,5299
Rhode Island,2019,-167
Rhode Island,2020,58155
Rhode Island,2020,99
Rhode Island,2020,62054
Rhode Island,2020,35723
Rhode Island,2020,22759
Rhode Island,2020,3572
Rhode Island,2020,5300
Rhode Island,2020,-1729
Rhode Island,2021,60777
Rhode Island,2021,103
Rhode Island,2021,67237
Rhode Island,2021,38397
Rhode Island,2021,24528
Rhode Island,2021,4311
Rhode Island,2021,5673
Rhode Island,2021,-1362
Rocky Mountain,2017,681310
Rocky Mountain,2017,100
Rocky Mountain,2017,681310
Rocky Mountain,2017,366160
Rocky Mountain,2017,273910
Rocky Mountain,2017,41240
Rocky Mountain,2017,43661
Rocky Mountain,2017,-2421
Rocky Mountain,2018,712372
Rocky Mountain,2018,105
Rocky Mountain,2018,730568
Rocky Mountain,2018,390061
Rocky Mountain,2018,296480
Rocky Mountain,2018,44027
Rocky Mountain,2018,46593
Rocky Mountain,2018,-2566
Rocky Mountain,2019,746392
Rocky Mountain,2019,110
Rocky Mountain,2019,776281
Rocky Mountain,2019,414444
Rocky Mountain,2019,314896
Rocky Mountain,2019,46942
Rocky Mountain,2019,49519
Rocky Mountain,2019,-2577
Rocky Mountain,2020,744870
Rocky Mountain,2020,109
Rocky Mountain,2020,781272
Rocky Mountain,2020,429895
Rocky Mountain,2020,331298
Rocky Mountain,2020,20079
Rocky Mountain,2020,49873
Rocky Mountain,2020,-29794
Rocky Mountain,2021,794824
Rocky Mountain,2021,117
Rocky Mountain,2021,880143
Rocky Mountain,2021,470187
Rocky Mountain,2021,372551
Rocky Mountain,2021,37405
Rocky Mountain,2021,55191
Rocky Mountain,2021,-17786
South Carolina,2017,224938
South Carolina,2017,100
South Carolina,2017,224938
South Carolina,2017,123254
South Carolina,2017,86229
South Carolina,2017,15455
South Carolina,2017,15963
South Carolina,2017,-508
South Carolina,2018,231663
South Carolina,2018,103
South Carolina,2018,236562
South Carolina,2018,129124
South Carolina,2018,90068
South Carolina,2018,17369
South Carolina,2018,17858
South Carolina,2018,-489
South Carolina,2019,237511
South Carolina,2019,106
South Carolina,2019,248047
South Carolina,2019,135685
South Carolina,2019,94443
South Carolina,2019,17919
South Carolina,2019,18516
South Carolina,2019,-597
South Carolina,2020,233712
South Carolina,2020,104
South Carolina,2020,249482
South Carolina,2020,137142
South Carolina,2020,101058
South Carolina,2020,11283
South Carolina,2020,18806
South Carolina,2020,-7523
South Carolina,2021,244854
South Carolina,2021,109
South Carolina,2021,271495
South Carolina,2021,147141
South Carolina,2021,108974
South Carolina,2021,15380
South Carolina,2021,20974
South Carolina,2021,-5594
South Dakota,2017,51615
South Dakota,2017,100
South Dakota,2017,51615
South Dakota,2017,23675
South Dakota,2017,25010
South Dakota,2017,2930
South Dakota,2017,3988
South Dakota,2017,-1058
South Dakota,2018,51938
South Dakota,2018,101
South Dakota,2018,53350
South Dakota,2018,24725
South Dakota,2018,25776
South Dakota,2018,2849
South Dakota,2018,4072
South Dakota,2018,-1222
South Dakota,2019,52360
South Dakota,2019,101
South Dakota,2019,55007
South Dakota,2019,25955
South Dakota,2019,26381
South Dakota,2019,2671
South Dakota,2019,4092
South Dakota,2019,-1421
South Dakota,2020,52692
South Dakota,2020,102
South Dakota,2020,56163
South Dakota,2020,27026
South Dakota,2020,28798
South Dakota,2020,339
South Dakota,2020,4116
South Dakota,2020,-3777
South Dakota,2021,55140
South Dakota,2021,107
South Dakota,2021,62607
South Dakota,2021,28850
South Dakota,2021,31927
South Dakota,2021,1830
South Dakota,2021,4628
South Dakota,2021,-2798
Southeast,2017,4210089
Southeast,2017,100
Southeast,2017,4210089
Southeast,2017,2248033
Southeast,2017,1676904
Southeast,2017,285153
Southeast,2017,296046
Southeast,2017,-10893
Southeast,2018,4315633
Southeast,2018,103
Southeast,2018,4411751
Southeast,2018,2358074
Southeast,2018,1750995
Southeast,2018,302682
Southeast,2018,313455
Southeast,2018,-10773
Southeast,2019,4414689
Southeast,2019,105
Southeast,2019,4604179
Southeast,2019,2464905
Southeast,2019,1824009
Southeast,2019,315265
Southeast,2019,328424
Southeast,2019,-13158
Southeast,2020,4338850
Southeast,2020,103
Southeast,2020,4602993
Southeast,2020,2507271
Southeast,2020,1916857
Southeast,2020,178865
Southeast,2020,329435
Southeast,2020,-150570
Southeast,2021,4611710
Southeast,2021,110
Southeast,2021,5103003
Southeast,2021,2733210
Southeast,2021,2113849
Southeast,2021,255943
Southeast,2021,372200
Southeast,2021,-116257
Southwest,2017,2286161
Southwest,2017,100
Southwest,2017,2286161
Southwest,2017,1176839
Southwest,2017,937362
Southwest,2017,171959
Southwest,2017,177209
Southwest,2017,-5250
Southwest,2018,2385042
Southwest,2018,104
Southwest,2018,2464730
Southwest,2018,1248207
Southwest,2018,1026899
Southwest,2018,189625
Southwest,2018,195113
Southwest,2018,-5488
Southwest,2019,2462458
Southwest,2019,108
Southwest,2019,2544785
Southwest,2019,1316420
Southwest,2019,1030526
Southwest,2019,197840
Southwest,2019,204526
Southwest,2019,-6686
Southwest,2020,2423336
Southwest,2020,106
Southwest,2020,2477128
Southwest,2020,1329452
Southwest,2020,1039357
Southwest,2020,108318
Southwest,2020,201620
Southwest,2020,-93301
Southwest,2021,2557666
Southwest,2021,112
Southwest,2021,2849232
Southwest,2021,1435181
Southwest,2021,1254150
Southwest,2021,159901
Southwest,2021,221284
Southwest,2021,-61383
Tennessee,2017,355418
Tennessee,2017,100
Tennessee,2017,355418
Tennessee,2017,181742
Tennessee,2017,150687
Tennessee,2017,22989
Tennessee,2017,23771
Tennessee,2017,-781
Tennessee,2018,362364
Tennessee,2018,102
Tennessee,2018,369713
Tennessee,2018,191298
Tennessee,2018,153911
Tennessee,2018,24504
Tennessee,2018,25260
Tennessee,2018,-756
Tennessee,2019,370088
Tennessee,2019,104
Tennessee,2019,385820
Tennessee,2019,199471
Tennessee,2019,159876
Tennessee,2019,26473
Tennessee,2019,27435
Tennessee,2019,-963
Tennessee,2020,366555
Tennessee,2020,103
Tennessee,2020,390173
Tennessee,2020,204192
Tennessee,2020,173331
Tennessee,2020,12649
Tennessee,2020,27962
Tennessee,2020,-15313
Tennessee,2021,396576
Tennessee,2021,112
Tennessee,2021,438180
Tennessee,2021,224343
Tennessee,2021,191043
Tennessee,2021,22794
Tennessee,2021,32338
Tennessee,2021,-9544
Texas,2017,1667313
Texas,2017,100
Texas,2017,1667313
Texas,2017,849890
Texas,2017,685468
Texas,2017,131955
Texas,2017,135557
Texas,2017,-3602
Texas,2018,1746543
Texas,2018,105
Texas,2018,1808027
Texas,2018,901963
Texas,2018,759735
Texas,2018,146329
Texas,2018,150043
Texas,2018,-3714
Texas,2019,1802913
Texas,2019,108
Texas,2019,1860108
Texas,2019,952495
Texas,2019,754785
Texas,2019,152829
Texas,2019,157535
Texas,2019,-4706
Texas,2020,1772186
Texas,2020,106
Texas,2020,1798596
Texas,2020,956835
Texas,2020,754448
Texas,2020,87313
Texas,2020,155257
Texas,2020,-67944
Texas,2021,1873473
Texas,2021,112
Texas,2021,2087491
Texas,2021,1035481
Texas,2021,927495
Texas,2021,124515
Texas,2021,169398
Texas,2021,-44883
United States,2017,19612102
United States,2017,100
United States,2017,19612102
United States,2017,10434978
United States,2017,7873027
United States,2017,1304097
United States,2017,1363972
United States,2017,-59875
United States,2018,20193896
United States,2018,103
United States,2018,20656516
United States,2018,10967687
United States,2018,8295055
United States,2018,1393774
United States,2018,1457093
United States,2018,-63320
United States,2019,20692087
United States,2019,106
United States,2019,21521395
United States,2019,11459776
United States,2019,8601459
United States,2019,1460160
United States,2019,1533117
United States,2019,-72957
United States,2020,20234074
United States,2020,103
United States,2020,21322950
United States,2020,11602288
United States,2020,8857004
United States,2020,863658
United States,2020,1520513
United States,2020,-656856
United States,2021,21407692
United States,2021,109
United States,2021,23594031
United States,2021,12556629
United States,2021,9848221
United States,2021,1189181
United States,2021,1671921
United States,2021,-482741
Utah,2017,172075
Utah,2017,100
Utah,2017,172075
Utah,2017,89793
Utah,2017,72586
Utah,2017,9695
Utah,2017,10068
Utah,2017,-373
Utah,2018,182106
Utah,2018,106
Utah,2018,186806
Utah,2018,96666
Utah,2018,79841
Utah,2018,10299
Utah,2018,10692
Utah,2018,-394
Utah,2019,192699
Utah,2019,112
Utah,2019,201285
Utah,2019,103167
Utah,2019,87112
Utah,2019,11006
Utah,2019,11426
Utah,2019,-420
Utah,2020,194754
Utah,2020,113
Utah,2020,205666
Utah,2020,109879
Utah,2020,91334
Utah,2020,4453
Utah,2020,11731
Utah,2020,-7277
Utah,2021,209975
Utah,2021,122
Utah,2021,232125
Utah,2021,120385
Utah,2021,102549
Utah,2021,9191
Utah,2021,13149
Utah,2021,-3957
Vermont,2017,32589
Vermont,2017,100
Vermont,2017,32589
Vermont,2017,18673
Vermont,2017,10766
Vermont,2017,3150
Vermont,2017,3236
Vermont,2017,-86
Vermont,2018,32828
Vermont,2018,101
Vermont,2018,33483
Vermont,2018,19284
Vermont,2018,10937
Vermont,2018,3262
Vermont,2018,3355
Vermont,2018,-93
Vermont,2019,33208
Vermont,2019,102
Vermont,2019,34628
Vermont,2019,19835
Vermont,2019,11375
Vermont,2019,3418
Vermont,2019,3513
Vermont,2019,-95
Vermont,2020,32307
Vermont,2020,99
Vermont,2020,34471
Vermont,2020,19932
Vermont,2020,12173
Vermont,2020,2366
Vermont,2020,3535
Vermont,2020,-1170
Vermont,2021,33861
Vermont,2021,104
Vermont,2021,37594
Vermont,2021,21284
Vermont,2021,13287
Vermont,2021,3022
Vermont,2021,3829
Vermont,2021,-807
Virginia,2017,515167
Virginia,2017,100
Virginia,2017,515167
Virginia,2017,296071
Virginia,2017,187132
Virginia,2017,31964
Virginia,2017,33096
Virginia,2017,-1131
Virginia,2018,527768
Virginia,2018,102
Virginia,2018,537158
Virginia,2018,307239
Virginia,2018,196310
Virginia,2018,33609
Virginia,2018,34722
Virginia,2018,-1113
Virginia,2019,541070
Virginia,2019,105
Virginia,2019,561990
Virginia,2019,320165
Virginia,2019,205460
Virginia,2019,36364
Virginia,2019,37577
Virginia,2019,-1213
Virginia,2020,533828
Virginia,2020,104
Virginia,2020,565063
Virginia,2020,328646
Virginia,2020,212848
Virginia,2020,23569
Virginia,2020,38186
Virginia,2020,-14617
Virginia,2021,562888
Virginia,2021,109
Virginia,2021,613920
Virginia,2021,350812
Virginia,2021,230391
Virginia,2021,32717
Virginia,2021,42310
Virginia,2021,-9593
Washington,2017,527169
Washington,2017,100
Washington,2017,527169
Washington,2017,267847
Washington,2017,218353
Washington,2017,40969
Washington,2017,42504
Washington,2017,-1535
Washington,2018,561786
Washington,2018,107
Washington,2018,570338
Washington,2018,290656
Washington,2018,235363
Washington,2018,44318
Washington,2018,45903
Washington,2018,-1585
Washington,2019,588930
Washington,2019,112
Washington,2019,608966
Washington,2019,309659
Washington,2019,251230
Washington,2019,48079
Washington,2019,49724
Washington,2019,-1646
Washington,2020,590401
Washington,2020,112
Washington,2020,621493
Washington,2020,322653
Washington,2020,266090
Washington,2020,32751
Washington,2020,48688
Washington,2020,-15937
Washington,2021,630820
Washington,2021,120
Washington,2021,688632
Washington,2021,353020
Washington,2021,292003
Washington,2021,43608
Washington,2021,55513
Washington,2021,-11905
West Virginia,2017,75172
West Virginia,2017,100
West Virginia,2017,75172
West Virginia,2017,39120
West Virginia,2017,30377
West Virginia,2017,5675
West Virginia,2017,5803
West Virginia,2017,-128
West Virginia,2018,77407
West Virginia,2018,103
West Virginia,2018,79794
West Virginia,2018,42015
West Virginia,2018,31690
West Virginia,2018,6089
West Virginia,2018,6212
West Virginia,2018,-123
West Virginia,2019,76787
West Virginia,2019,102
West Virginia,2019,79884
West Virginia,2019,42402
West Virginia,2019,31446
West Virginia,2019,6036
West Virginia,2019,6168
West Virginia,2019,-132
West Virginia,2020,73953
West Virginia,2020,98
West Virginia,2020,76976
West Virginia,2020,41240
West Virginia,2020,31965
West Virginia,2020,3770
West Virginia,2020,5981
West Virginia,2020,-2210
West Virginia,2021,75521
West Virginia,2021,100
West Virginia,2021,86510
West Virginia,2021,43494
West Virginia,2021,37753
West Virginia,2021,5263
West Virginia,2021,6601
West Virginia,2021,-1338
Wisconsin,2017,321887
Wisconsin,2017,100
Wisconsin,2017,321887
Wisconsin,2017,181013
Wisconsin,2017,119756
Wisconsin,2017,21117
Wisconsin,2017,21897
Wisconsin,2017,-780
Wisconsin,2018,328832
Wisconsin,2018,102
Wisconsin,2018,335144
Wisconsin,2018,189951
Wisconsin,2018,123455
Wisconsin,2018,21738
Wisconsin,2018,22648
Wisconsin,2018,-909
Wisconsin,2019,333699
Wisconsin,2019,104
Wisconsin,2019,347399
Wisconsin,2019,196171
Wisconsin,2019,129642
Wisconsin,2019,21586
Wisconsin,2019,22702
Wisconsin,2019,-1116
Wisconsin,2020,322973
Wisconsin,2020,100
Wisconsin,2020,343783
Wisconsin,2020,197113
Wisconsin,2020,134775
Wisconsin,2020,11895
Wisconsin,2020,23194
Wisconsin,2020,-11299
Wisconsin,2021,334517
Wisconsin,2021,104
Wisconsin,2021,369032
Wisconsin,2021,209106
Wisconsin,2021,142719
Wisconsin,2021,17208
Wisconsin,2021,24311
Wisconsin,2021,-7103
Wyoming,2017,37620
Wyoming,2017,100
Wyoming,2017,37620
Wyoming,2017,17664
Wyoming,2017,16725
Wyoming,2017,3231
Wyoming,2017,3326
Wyoming,2017,-95
Wyoming,2018,37977
Wyoming,2018,101
Wyoming,2018,39615
Wyoming,2018,18500
Wyoming,2018,17744
Wyoming,2018,3370
Wyoming,2018,3458
Wyoming,2018,-88
Wyoming,2019,38558
Wyoming,2019,102
Wyoming,2019,39971
Wyoming,2019,19146
Wyoming,2019,17407
Wyoming,2019,3419
Wyoming,2019,3512
Wyoming,2019,-93
Wyoming,2020,36181
Wyoming,2020,96
Wyoming,2020,36676
Wyoming,2020,18514
Wyoming,2020,16151
Wyoming,2020,2010
Wyoming,2020,3193
Wyoming,2020,-1183
Wyoming,2021,36930
Wyoming,2021,98
Wyoming,2021,42176
Wyoming,2021,19555
Wyoming,2021,19952
Wyoming,2021,2669
Wyoming,2021,3607
Wyoming,2021,-938